Titre,Note,URL,Tags,Commentaire
,,,,
Le Téléphone Rose,,https://www.google.com/maps/place/Le+T%C3%A9l%C3%A9phone+Rose/data=!4m2!3m1!1s0x478b8ffb70d55ea1:0xf9d844cede05b92,,
Le Robinet d'Or Restaurant & Bar Canal… Française,Restaurant avec Christophe js ben Stephan et sa copine vient ,https://www.google.com/maps/place/Le+Robinet+d'Or+Restaurant+%26+Bar+Canal%E2%80%A6+Fran%C3%A7aise/data=!4m2!3m1!1s0x47e66fcbfe5e6087:0x6d6642ec59ae97b4,,
L'Abysse Paris - Yannick Alléno,,https://www.google.com/maps/place/L'Abysse+Paris+-+Yannick+All%C3%A9no/data=!4m2!3m1!1s0x47e66f604bd5c9e7:0x699c3f21f70aefbc,,
The Office,A tester !!,https://www.google.com/maps/place/The+Office/data=!4m2!3m1!1s0x47e6723c609b65e9:0x3174434708a721df,,
215 Rue de Paris,Glace a tester ,https://www.google.com/maps/place/215+Rue+de+Paris/data=!4m2!3m1!1s0x47e66d7d8269433b:0xbe5c58ea23d91b6d,,
Chez Michel,Super resto : François et Christophe,https://www.google.com/maps/place/Chez+Michel/data=!4m2!3m1!1s0x47e66e6c77189a1d:0xbcbc15ed793643aa,,
Abri Soba,À Tester ,https://www.google.com/maps/place/Abri+Soba/data=!4m2!3m1!1s0x47e66e3fbe336b97:0x4cf8061a0b10d5ce,,
Bistro Volnay,A tester,https://www.google.com/maps/place/Bistro+Volnay/data=!4m2!3m1!1s0x47e66e31744aa52f:0x7baba03eef58d61d,,
Happatei,Resto Lisa Théo,https://www.google.com/maps/place/Happatei/data=!4m2!3m1!1s0x47e66f1b286f9503:0x667a3afbfa2f98a,,
Aki Café,Bon resto,https://www.google.com/maps/place/Aki+Caf%C3%A9/data=!4m2!3m1!1s0x47e66e3af9c30349:0x82cca6ff347548a0,,
La Coquille,,https://www.google.com/maps/place/La+Coquille/data=!4m2!3m1!1s0x47e66e2305a4bbaf:0xe4a1c32bd064be44,,
Kehribar,A tester insta,https://www.google.com/maps/place/Kehribar/data=!4m2!3m1!1s0x47e671c2ab0cb937:0x4057bbbdf470f5ea,,
Mian Fan,A tester,https://www.google.com/maps/place/Mian+Fan/data=!4m2!3m1!1s0x47e66e364e21c681:0xe1dd544608c6738a,,
Naï Naï - Bistrot chic asiatique,A tester,https://www.google.com/maps/place/Na%C3%AF+Na%C3%AF+-+Bistrot+chic+asiatique/data=!4m2!3m1!1s0x47e66fb1c1250bb1:0x5c98f2becec9c639,,
Duplex Bar,Var gay a tester,https://www.google.com/maps/place/Duplex+Bar/data=!4m2!3m1!1s0x47e66e1b392dca9b:0xbccbbb8d283b09cc,,
Vingt Vins d'Art,Reco xtof,https://www.google.com/maps/place/Vingt+Vins+d'Art/data=!4m2!3m1!1s0x47e671fd70f7a37d:0xe8062866e59ec4e6,,
Le Louchebem,,https://www.google.com/maps/place/Le+Louchebem/data=!4m2!3m1!1s0x47e66e220516d8a5:0xfa3c3a53027873f2,,
Chez Marius,Reco xtof,https://www.google.com/maps/place/Chez+Marius/data=!4m2!3m1!1s0x47e66e6d29455555:0x50726a8eb0d86bd1,,
Restaurant À la maison,Resto reco Xtof,https://www.google.com/maps/place/Restaurant+%C3%80+la+maison/data=!4m2!3m1!1s0x47ee4f7c3d5dd7c1:0xff100a1cd6df6a87,,
Pacifique,Resto chinois avevamos Bressuire,https://www.google.com/maps/place/Pacifique/data=!4m2!3m1!1s0x47e66de88164c211:0xd9d7d1321e5432ca,,
Restaurant Le Céladon,Restaurant Corée chicos ,https://www.google.com/maps/place/Restaurant+Le+C%C3%A9ladon/data=!4m2!3m1!1s0x47e66e3104bcf709:0x2837fea99bed03c8,,
Orson,,https://www.google.com/maps/place/Orson/data=!4m2!3m1!1s0x47e671007966a79b:0xfc6febb506dda10a,,
El Mictlan,à tester Mexicain,https://www.google.com/maps/place/El+Mictlan/data=!4m2!3m1!1s0x47e66f60c186ed17:0x68b86bdfa69c55ef,,
"L'Entente, Le British Brasserie",A tester ( pub shweps) dish and ships,"https://www.google.com/maps/place/L'Entente,+Le+British+Brasserie/data=!4m2!3m1!1s0x47e66e3a619c6dad:0x8bccbe44d0916826",,
On Restaurant,,https://www.google.com/maps/place/On+Restaurant/data=!4m2!3m1!1s0x47e66f82069a37a3:0xf0d69f0a5316a69a,,
Menekse,Restaurant kurde,https://www.google.com/maps/place/Menekse/data=!4m2!3m1!1s0x47e6738a846dca5d:0x57375d581119dfac,,
Le Louis XVI,,https://www.google.com/maps/place/Le+Louis+XVI/data=!4m2!3m1!1s0x47e66e34cc0d3ce5:0x12571e6f2742fe23,,
Go Oun,Resto Charlotte,https://www.google.com/maps/place/Go+Oun/data=!4m2!3m1!1s0x47e66f485010c0fd:0x16a65941eae10a2c,,
Le Consulat Voltaire,Bar Et concert stylé... Endroit de tournage mocap,https://www.google.com/maps/place/Le+Consulat+Voltaire/data=!4m2!3m1!1s0x47e66deef65328ff:0xf9e1633c8f72eb1e,,
Brasserie Rosie,Rdv Dina,https://www.google.com/maps/place/Brasserie+Rosie/data=!4m2!3m1!1s0x47e67367208818a7:0xac9e5face0a0c3,,
Au top,A test,https://www.google.com/maps/place/Au+top/data=!4m2!3m1!1s0x47e66f4e9fbaf16f:0xa33b53a8c9ca5899,,
JanTchi,Bobun Saint Anne,https://www.google.com/maps/place/JanTchi/data=!4m2!3m1!1s0x47e66e2531dffeab:0xe6a119ea4fecc92f,,
Au P'tit Garage,Dans un garage,https://www.google.com/maps/place/Au+P'tit+Garage/data=!4m2!3m1!1s0x47e66de4ebc1e7a3:0xfa907b6043c9ab2a,,
Poni,Restaurant a tester ,https://www.google.com/maps/place/Poni/data=!4m2!3m1!1s0x47e66e478f4fffff:0xf09a87b79d2d5e26,,
Le Hibou - Paris,,https://www.google.com/maps/place/Le+Hibou+-+Paris/data=!4m2!3m1!1s0x47e671deacbed571:0xa1a958ad19715704,,
AVESTA - La cuisine authentique Kurde de Paris,,https://www.google.com/maps/place/AVESTA+-+La+cuisine+authentique+Kurde+de+Paris/data=!4m2!3m1!1s0x47e66e13fa83a21f:0xb19c7415983cc4d6,,
Pide Paris,,https://www.google.com/maps/place/Pide+Paris/data=!4m2!3m1!1s0x47e66f2483e12711:0x81071e06a1a95839,,
Hanoï Cà Phê Opéra,Cafe/ Resto sympa,https://www.google.com/maps/place/Hano%C3%AF+C%C3%A0+Ph%C3%AA+Op%C3%A9ra/data=!4m2!3m1!1s0x47e66e3a1e2e613f:0xa760494688557ca3,,
Restaurant Godjo,,https://www.google.com/maps/place/Restaurant+Godjo/data=!4m2!3m1!1s0x47e671e66a3afeed:0xea1b968a9c06ae6c,,
La Plume Rive Droite,A tester !! Vue imprenable,https://www.google.com/maps/place/La+Plume+Rive+Droite/data=!4m2!3m1!1s0x47e66f885e9f5e57:0xc386dabd4f893a00,,
Les Antiquaires,,https://www.google.com/maps/place/Les+Antiquaires/data=!4m2!3m1!1s0x47e66e299bad93e9:0xb26059bd683890cc,,
Restaurant Akrame,restaurant avec cheval dans l entree (Juliette),https://www.google.com/maps/place/Restaurant+Akrame/data=!4m2!3m1!1s0x47e66fee62109c6d:0x6adcee5ab61ee0de,,
Meïda,"Cuisine méditerranéenne, bonne, classe a St Ouen",https://www.google.com/maps/place/Me%C3%AFda/data=!4m2!3m1!1s0x47e66f2faff41673:0xe14f00f25e26b60c,,
MÛRE,Travail sur Paris ,https://www.google.com/maps/place/M%C3%9BRE/data=!4m2!3m1!1s0x47e66f3af255f67d:0x1bd2f9225e5bf486,,
Kino Meeting Point,,https://www.google.com/maps/place/Kino+Meeting+Point/data=!4m2!3m1!1s0x4758c8c4cbef8c05:0x8baff86969adef70,,
El Guacamole République,Guzcolmoleee,https://www.google.com/maps/place/El+Guacamole+R%C3%A9publique/data=!4m2!3m1!1s0x47e66e0c041f34dd:0xc3d081b374186616,,
Navigli - Restaurant Italien,,https://www.google.com/maps/place/Navigli+-+Restaurant+Italien/data=!4m2!3m1!1s0x47e66f1817b91c0d:0x9377c6a55f339aa2,,
Le Petit Cambodge,,https://www.google.com/maps/place/Le+Petit+Cambodge/data=!4m2!3m1!1s0x47e66de04fe01397:0x257dd3845f24331b,,
Deegha Cuisine Indienne,,https://www.google.com/maps/place/Deegha+Cuisine+Indienne/data=!4m2!3m1!1s0x47e66d6b07bc08e5:0xc9b8f1ad262adf52,,
Bar Lumen,,https://www.google.com/maps/place/Bar+Lumen/data=!4m2!3m1!1s0x47e66fc0a2541c71:0x4c7dc2cb4c21507,,
Ten Ten Ten,,https://www.google.com/maps/place/Ten+Ten+Ten/data=!4m2!3m1!1s0x47e6730022a8c339:0x7aa8cb922c07fb3d,,
Tarántula Paris,A tester absolutely,https://www.google.com/maps/place/Tar%C3%A1ntula+Paris/data=!4m2!3m1!1s0x47e6730075eaab4b:0xb6bcddf19fa0c46f,,
Yo,Resto petit gastro fr/thai,https://www.google.com/maps/place/Yo/data=!4m2!3m1!1s0x47e66e309ccc2657:0x15516f59555a9748,,
No Scrum No Win - Bar Rugby,,https://www.google.com/maps/place/No+Scrum+No+Win+-+Bar+Rugby/data=!4m2!3m1!1s0x47e66f10804808a1:0x1c9575c54f2e2c9,,
La Renommée,"A tester, paris 1900",https://www.google.com/maps/place/La+Renomm%C3%A9e/data=!4m2!3m1!1s0x47e66f09b0e193ad:0xec5e9b6064cbfb4a,,
The Hood Paris,Singaporean restaurant,https://www.google.com/maps/place/The+Hood+Paris/data=!4m2!3m1!1s0x47e66de51d7ee2eb:0x51ce996727a37196,,
SOKCHO 牛者,A tester,https://www.google.com/maps/place/SOKCHO+%E7%89%9B%E8%80%85/data=!4m2!3m1!1s0x47e66fcb60b0d411:0x7cae0cf8ba0ea152,,
Partisan Café Artisanal,,https://www.google.com/maps/place/Partisan+Caf%C3%A9+Artisanal/data=!4m2!3m1!1s0x47e66e1a5cf378a1:0x2f3bfb470132c0c5,,
Express de Lyon,,https://www.google.com/maps/place/Express+de+Lyon/data=!4m2!3m1!1s0x47e67204ae7ea483:0xf4b2f17966bb0230,,
DAROCO 16,,https://www.google.com/maps/place/DAROCO+16/data=!4m2!3m1!1s0x47e664a082da6935:0xbd29c2eec6c68,,
Les Amis Des Messina,Resto à tester ,https://www.google.com/maps/place/Les+Amis+Des+Messina/data=!4m2!3m1!1s0x47e66e1779c7d021:0x9d6a187957661c2d,,
Yoru Paris 夜,,https://www.google.com/maps/place/Yoru+Paris+%E5%A4%9C/data=!4m2!3m1!1s0x47e6737212465233:0x5803d58c667c7ff8,,
Eunoé,Petit gastro proche du travail à tester,https://www.google.com/maps/place/Euno%C3%A9/data=!4m2!3m1!1s0x47e66d2ac2344239:0x889be4fb509ff1f0,,
Stellar Restaurant - Ephemera,Astro bar,https://www.google.com/maps/place/Stellar+Restaurant+-+Ephemera/data=!4m2!3m1!1s0x47e66d6c8a63bcad:0x8e6ad1d2d95f04f3,,
Le Bistrot du Peintre,A tester ,https://www.google.com/maps/place/Le+Bistrot+du+Peintre/data=!4m2!3m1!1s0x47e6720b640e96d9:0x62adf1f1bf0aa555,,
Le Bar Chaumont,A tester,https://www.google.com/maps/place/Le+Bar+Chaumont/data=!4m2!3m1!1s0x47e66f5761581faf:0x13217b51b33483bc,,
"Qasti, Pâtisserie libanaise","Pâtisseries libanaises Haïfa 
","https://www.google.com/maps/place/Qasti,+P%C3%A2tisserie+libanaise/data=!4m2!3m1!1s0x47e66f47d569cc6d:0x212797c8fa8c66e0",,
Le Square - Restaurant Paparazzi,Bar avec Alexandre ,https://www.google.com/maps/place/Le+Square+-+Restaurant+Paparazzi/data=!4m2!3m1!1s0x47e66e36aad6e2a7:0x326b050b09c8eca9,,
To Restaurant Paris,Bistro chic en 5 étapes !! Ideas à tester ,https://www.google.com/maps/place/To+Restaurant+Paris/data=!4m2!3m1!1s0x47e66fbf77bf3879:0x5c98bdcea603dee7,,
Maison Revka,Maison russe -coktails hôtel ,https://www.google.com/maps/place/Maison+Revka/data=!4m2!3m1!1s0x47e66f35cff6988f:0x29fdf8f616fc1fec,,
Ristorante National,Restaurant chic Italien,https://www.google.com/maps/place/Ristorante+National/data=!4m2!3m1!1s0x47e66e1a7a409275:0x78452b748da69265,,
Le 404,A tester ,https://www.google.com/maps/place/Le+404/data=!4m2!3m1!1s0x47e66e1af1f8d533:0x31bf6e84f792f26a,,
Brasserie Croix de Chavaux,Brasserie anniversaire Lisa ,https://www.google.com/maps/place/Brasserie+Croix+de+Chavaux/data=!4m2!3m1!1s0x47e66d677c1f0b4b:0x8a6dc0ca146bfd0c,,
Suan Thaï,,https://www.google.com/maps/place/Suan+Tha%C3%AF/data=!4m2!3m1!1s0x47e66e1ce3c1ced7:0xeab3422d58b6ed53,,
Sushi-B Paris,Recommandé par Xavier Tual!!,https://www.google.com/maps/place/Sushi-B+Paris/data=!4m2!3m1!1s0x47e66e3b18a79ef5:0xe0fdff76aef8cd81,,
Ebis,Super resto a tester,https://www.google.com/maps/place/Ebis/data=!4m2!3m1!1s0x47e66e2fc74d1fa5:0xea49a947fc7f0615,,
Chimère,,https://www.google.com/maps/place/Chim%C3%A8re/data=!4m2!3m1!1s0x47e66f1bcc57d051:0x8fca11ae046e454a,,
L'Auberge Café,,https://www.google.com/maps/place/L'Auberge+Caf%C3%A9/data=!4m2!3m1!1s0x47e66e1f87895843:0x832d06627856772b,,
Siam Bangkok,Restaurant à tester ,https://www.google.com/maps/place/Siam+Bangkok/data=!4m2!3m1!1s0x47e66e3efc6ee58d:0x7d5759337e4bdc21,,
BRIQUE MACHINE - Brique House,Grand resto pr match ,https://www.google.com/maps/place/BRIQUE+MACHINE+-+Brique+House/data=!4m2!3m1!1s0x47e66f33296b3b4d:0x87aa131a435c9d1d,,
JJAN!,Coréen proche de st laz/ plat fromage poulet pr 2- gino- ,https://www.google.com/maps/place/JJAN!/data=!4m2!3m1!1s0x47e66f6dcf5b706b:0x28da6591635c7376,,
Yichiban いちばん 一番拉面馆,Resto bus chinois,https://www.google.com/maps/place/Yichiban+%E3%81%84%E3%81%A1%E3%81%B0%E3%82%93+%E4%B8%80%E7%95%AA%E6%8B%89%E9%9D%A2%E9%A6%86/data=!4m2!3m1!1s0x47e66f5ef1dd932b:0x4d551536a2da08f3,,
Dar Mima,Resto rooftop Marocain - vu a l Aeroport,https://www.google.com/maps/place/Dar+Mima/data=!4m2!3m1!1s0x47e6711524213ba9:0x83e8f142bcd90fa2,,
Atelier du veau,Kébab gastro,https://www.google.com/maps/place/Atelier+du+veau/data=!4m2!3m1!1s0x47e66f634d534d33:0x252ea80e137a4146,,
Loup,Loup,https://www.google.com/maps/place/Loup/data=!4m2!3m1!1s0x47e66e22fc769a23:0x71969504a1fe3282,,
Le Grand Colbert,Grand Colbert,https://www.google.com/maps/place/Le+Grand+Colbert/data=!4m2!3m1!1s0x47e66e3b5a9db2a5:0xf08fff6ce3ae3440,,
Kodawari Ramen (Tsukiji),Kodawari proche de la maison,https://www.google.com/maps/place/Kodawari+Ramen+(Tsukiji)/data=!4m2!3m1!1s0x47e66ff5e668ed99:0x17f9a41c53f5e4ce,,
Le Tambour,,https://www.google.com/maps/place/Le+Tambour/data=!4m2!3m1!1s0x47e66e22a42f583b:0xb74d880225da3d3c,,
Le Général,Reco Uber ,https://www.google.com/maps/place/Le+G%C3%A9n%C3%A9ral/data=!4m2!3m1!1s0x47e66feb68c06aad:0xdd6d0096a2715d1c,,
Pendino,Pizza bonne deux de bois ,https://www.google.com/maps/place/Pendino/data=!4m2!3m1!1s0x47e66f5664204aa1:0xf9b209e62a0d1da0,,
Kodawari Ramen (Yokochō),Décor de marche aux poissons??,https://www.google.com/maps/place/Kodawari+Ramen+(Yokoch%C5%8D)/data=!4m2!3m1!1s0x47e671d8cee50be3:0xe73cffb0381b3105,,
Jòia Bun par Hélène Darroze,Restau burger Hélène Daroze,https://www.google.com/maps/place/J%C3%B2ia+Bun+par+H%C3%A9l%C3%A8ne+Darroze/data=!4m2!3m1!1s0x47e66f7657d602e3:0x1db7f116d0ceb5f4,,
Zaza par Yoni Saada,Petit coin a tester,https://www.google.com/maps/place/Zaza+par+Yoni+Saada/data=!4m2!3m1!1s0x47e66f7ca7fda8a9:0x7545fcca6b6884e9,,
Café Blanc,,https://www.google.com/maps/place/Caf%C3%A9+Blanc/data=!4m2!3m1!1s0x47e66e238a84fed7:0xd2fba524a772aa45,,
Brasserie Dubillot,,https://www.google.com/maps/place/Brasserie+Dubillot/data=!4m2!3m1!1s0x47e66f51538a2d07:0x335b77240e40e03d,,
La Mezcaleria Paris,,https://www.google.com/maps/place/La+Mezcaleria+Paris/data=!4m2!3m1!1s0x47e66e07a576faad:0x38bd3ab365cec321,,
Moonshiner,,https://www.google.com/maps/place/Moonshiner/data=!4m2!3m1!1s0x47e67200a0803e75:0xa2afeb4b6ec09fea,,
Le 1905,,https://www.google.com/maps/place/Le+1905/data=!4m2!3m1!1s0x47e671ffaefc68e5:0xcb2d0beb37347cb1,,
LA JAJA,,https://www.google.com/maps/place/LA+JAJA/data=!4m2!3m1!1s0x47e66e22c9439aa1:0x3ac019a9001c9475,,
Griffon,Proche Félix ,https://www.google.com/maps/place/Griffon/data=!4m2!3m1!1s0x47e66fe5e4ba661f:0xb09f00e2b3ccca5e,,
Les 4 soupes,,https://www.google.com/maps/place/Les+4+soupes/data=!4m2!3m1!1s0x47e671456d4bea25:0x834ef5cdfed10132,,
Restaurant Thaïlandais Baan Issan,,https://www.google.com/maps/place/Restaurant+Tha%C3%AFlandais+Baan+Issan/data=!4m2!3m1!1s0x47e6718d7a0cc479:0xc73f1518cab66bef,,
Le Village,To test ,https://www.google.com/maps/place/Le+Village/data=!4m2!3m1!1s0x47e66e32d743e579:0xdbe5389313417a11,,
Cheper,A tester!!,https://www.google.com/maps/place/Cheper/data=!4m2!3m1!1s0x47e66e031027e0c3:0x58d8c166e6bd0acc,,
Fabula,"A tester, dans le musée Carnavalet",https://www.google.com/maps/place/Fabula/data=!4m2!3m1!1s0x47e66f0afa44fb21:0xdb81841dffb69d51,,
Clark Hot Dog,Hot dogs Marais,https://www.google.com/maps/place/Clark+Hot+Dog/data=!4m2!3m1!1s0x47e671fdf71a7f21:0xa6eaa484a9798514,,
Le Petit Dakar,,https://www.google.com/maps/place/Le+Petit+Dakar/data=!4m2!3m1!1s0x47e66e0229662ce3:0x6db4895eac1a0c8f,,
Miznon Marais,,https://www.google.com/maps/place/Miznon+Marais/data=!4m2!3m1!1s0x47e66e025df684a3:0xecc075dfcafa5f2e,,
